"response_id","country_of_residence","country_of_residence_group","gender","first_nz_trip","purpose_of_visit_main","purpose_subtype","single_or_others","no_people_over_15","no_people_under_15","age_range","reasons_for_travel_secondary","satisfaction_rating","expectation_rating","recommend_rating","satisfaction_reason"
"GEN24_1055593","French Polynesia","Rest of Oceania","Female","No","Holiday / vacation","For some other reason (please specify)","What the visit cost for you and another person / people",2,0,"45 - 49","No other reason","4 - Satisfied","2 - Meet the expectations you had before you arrived in New Zealand","10 - Extremely likely to recommend","Conditions de SURF et de vent pour pratiquer le Wingfoil dans les vagues Exceptionnel . Nous sommes venus specialement en Nouvelle zelande pour cela"
"GEN24_1055716","England","UK","Female","No","Holiday / vacation","Just for the holiday","What the visit to NZ cost just for yourself",NA,NA,"60 - 64","No other reason","5 - Very satisfied","1 - Exceed the expectations you had before you arrived in New Zealand","10 - Extremely likely to recommend","Sailing"
"GEN24_1055829","United States of America","USA","Female","Yes","Holiday / vacation","To go sightseeing","What the visit cost for you and another person / people",2,0,"65 - 69","No other reason","5 - Very satisfied","1 - Exceed the expectations you had before you arrived in New Zealand","10 - Extremely likely to recommend","Clean air, always felt safe"
"GEN24_1055866","Australia","Australia","Male","No","Visiting friends / relatives","To visit family","What the visit to NZ cost just for yourself",NA,NA,"50 - 54","Holiday / vacation","5 - Very satisfied","1 - Exceed the expectations you had before you arrived in New Zealand","10 - Extremely likely to recommend","Fishing"
"GEN24_1055915","Australia","Australia","Female","Yes","Holiday / vacation","For some other reason (please specify)","What the visit cost for you and another person / people",2,0,"75 or older","Other","5 - Very satisfied","2 - Meet the expectations you had before you arrived in New Zealand","9","Wanaka warbirds air show"
"GEN24_1055925","Australia","Australia","Male","Yes","Other","For some other reason","What the visit to NZ cost just for yourself",NA,NA,"20 - 24","Holiday / vacation","5 - Very satisfied","1 - Exceed the expectations you had before you arrived in New Zealand","10 - Extremely likely to recommend","Meeting the New Zealand Rover Scout  and being at the 81st New Zealand Rover Scout Moot"
"GEN24_1055986","Australia","Australia","Male","Yes","Visiting friends / relatives","To visit friends","What the visit to NZ cost just for yourself",NA,NA,"35 - 39","Holiday / vacation","3 - Acceptable","3 - Turn out worse than the expectations you had before you arrived in New Zealand","4","Winyards"
"GEN24_1056063","Australia","Australia","Male","No","Holiday / vacation","To go sightseeing","What the visit cost for you and another person / people",2,0,"50 - 54","No other reason","5 - Very satisfied","2 - Meet the expectations you had before you arrived in New Zealand","10 - Extremely likely to recommend","Mount bike riding"
"GEN24_1056112","United States of America","USA","Male","No","Holiday / vacation","To go sightseeing","What the visit to NZ cost just for yourself",NA,NA,"65 - 69","No other reason","5 - Very satisfied","2 - Meet the expectations you had before you arrived in New Zealand","9","Lord of the Rings movie sites"
"GEN24_1056160","United States of America","USA","Male","No","Visiting friends / relatives","To visit family","What the visit cost for you and another person / people",3,0,"60 - 64","Holiday / vacation","5 - Very satisfied","2 - Meet the expectations you had before you arrived in New Zealand","10 - Extremely likely to recommend","Surfing"
"GEN24_1056266","Singapore","Rest of Asia","Male","Yes","Holiday / vacation","To go sightseeing","What the visit cost for you and another person / people",2,0,"65 - 69","No other reason","3 - Acceptable","Not sure","5","nice cool weather"
"GEN24_1056291","New Caledonia","Rest of Oceania","Male","No","Holiday / vacation","For some other reason (please specify)","What the visit to NZ cost just for yourself",NA,NA,"Under 20","Business","5 - Very satisfied","2 - Meet the expectations you had before you arrived in New Zealand","10 - Extremely likely to recommend","Luge at Skyline Rotorua"
"GEN24_1056473","England","UK","Male","Yes","Holiday / vacation","Just for the holiday","What the visit cost for you and another person / people",2,0,"75 or older","No other reason","5 - Very satisfied","2 - Meet the expectations you had before you arrived in New Zealand","10 - Extremely likely to recommend","Very clean and tidy in comparison to the UK!!"
"GEN24_1056533","England","UK","Male","No","Visiting friends / relatives","To visit family","What the visit cost for you and another person / people",2,0,"55 - 59","Holiday / vacation","5 - Very satisfied","2 - Meet the expectations you had before you arrived in New Zealand","10 - Extremely likely to recommend","Fishing"
"GEN24_1056620","Australia","Australia","Male","No","Holiday / vacation","To go sightseeing","What the visit cost for you and another person / people",2,3,"40 - 44","No other reason","5 - Very satisfied","1 - Exceed the expectations you had before you arrived in New Zealand","10 - Extremely likely to recommend","Very educational for kids"
"GEN24_1056746","Australia","Australia","Female","No","Holiday / vacation","To go sightseeing","What the visit cost for you and another person / people",2,0,"60 - 64","No other reason","5 - Very satisfied","1 - Exceed the expectations you had before you arrived in New Zealand","10 - Extremely likely to recommend","Campervan Park Facilities, both Top 10 and Independent"
"GEN24_1056795","United States of America","USA","Female","Yes","Holiday / vacation","For some other reason (please specify)","What the visit cost for you and another person / people",2,0,"65 - 69","Other","4 - Satisfied","2 - Meet the expectations you had before you arrived in New Zealand","7","Hunting lodge & service"
"GEN24_1056870","Australia","Australia","Female","No","Holiday / vacation","Just for the holiday","What the visit cost for you and another person / people",1,2,"45 - 49","VFR","5 - Very satisfied","1 - Exceed the expectations you had before you arrived in New Zealand","10 - Extremely likely to recommend","The activities"
"GEN24_1056944","France","Rest of Europe","Female","No","Visiting friends / relatives","To visit friends","What the visit to NZ cost just for yourself",NA,NA,"60 - 64","Holiday / vacation","5 - Very satisfied","2 - Meet the expectations you had before you arrived in New Zealand","9","I once lived in NZ and enjoyed seeing how much it had changed but also felt so at home upon my return. My daughter is currently living in Gisborne on a youth visa"
"GEN24_1057048","Ireland","Rest of Europe","Male","Yes","Holiday / vacation","For some other reason (please specify)","What the visit to NZ cost just for yourself",NA,NA,"35 - 39","Other","5 - Very satisfied","1 - Exceed the expectations you had before you arrived in New Zealand","10 - Extremely likely to recommend","Skydive availability & Helicopter landing on Glasier"
"GEN24_1057053","England","UK","Female","No","Visiting friends / relatives","To visit family","What the visit to NZ cost just for yourself",NA,NA,"70 - 74","Holiday / vacation","5 - Very satisfied","1 - Exceed the expectations you had before you arrived in New Zealand","10 - Extremely likely to recommend","Rotorua Luge"
"GEN24_1057088","Scotland","UK","Male","No","Visiting friends / relatives","To visit family","What the visit to NZ cost just for yourself",NA,NA,"70 - 74","Holiday / vacation","1 - Very dissatisfied","2 - Meet the expectations you had before you arrived in New Zealand","10 - Extremely likely to recommend","Wings over Wanaka"
"GEN24_1057142","Australia","Australia","Female","No","Holiday / vacation","Just for the holiday","What the visit to NZ cost just for yourself",NA,NA,"20 - 24","No other reason","5 - Very satisfied","1 - Exceed the expectations you had before you arrived in New Zealand","10 - Extremely likely to recommend","Your mums house"
"GEN24_1057421","Australia","Australia","Male","No","Holiday / vacation","For some other reason (please specify)","What the visit cost for you and another person / people",2,0,"70 - 74","No other reason","5 - Very satisfied","2 - Meet the expectations you had before you arrived in New Zealand","10 - Extremely likely to recommend","Cycling trails and road"
"GEN24_1057450","England","UK","Female","No","Visiting friends / relatives","To visit friends","What the visit to NZ cost just for yourself",NA,NA,"60 - 64","Holiday / vacation","5 - Very satisfied","2 - Meet the expectations you had before you arrived in New Zealand","10 - Extremely likely to recommend","Milford Sound"
"GEN24_1057496","Germany","Germany","Female","Yes","Holiday / vacation","To go sightseeing","What the visit cost for you and another person / people",2,1,"40 - 44","VFR","4 - Satisfied","2 - Meet the expectations you had before you arrived in New Zealand","10 - Extremely likely to recommend","Kunst und Second-hand-Kultur"
"GEN24_1057607","Sweden","Rest of Europe","Male","Yes","Holiday / vacation","To go sightseeing","What the visit to NZ cost just for yourself",NA,NA,"55 - 59","No other reason","5 - Very satisfied","1 - Exceed the expectations you had before you arrived in New Zealand","10 - Extremely likely to recommend","Hobbiton"
"GEN24_1057637","Australia","Australia","Female","Yes","Holiday / vacation","Just for the holiday","What the visit cost for you and another person / people",2,0,"50 - 54","No other reason","3 - Acceptable","2 - Meet the expectations you had before you arrived in New Zealand","6","Hobbiton"
"GEN24_1057752","Canada","Canada","Male","Yes","Holiday / vacation","To go sightseeing","What the visit to NZ cost just for yourself",NA,NA,"40 - 44","VFR","5 - Very satisfied","1 - Exceed the expectations you had before you arrived in New Zealand","10 - Extremely likely to recommend","The Wildlife / Birds"
"GEN24_1057843","Wales","UK","Female","No","Visiting friends / relatives","To visit family","What the visit to NZ cost just for yourself",NA,NA,"50 - 54","Holiday / vacation","5 - Very satisfied","1 - Exceed the expectations you had before you arrived in New Zealand","10 - Extremely likely to recommend","Cycle lanes"
"GEN24_1057953","England","UK","Male","No","Visiting friends / relatives","To visit family","What the visit cost for you and another person / people",2,0,"75 or older","Holiday / vacation","5 - Very satisfied","1 - Exceed the expectations you had before you arrived in New Zealand","10 - Extremely likely to recommend","Staying in New Brighton"
"GEN24_1058376","United States of America","USA","Male","Yes","Holiday / vacation","To go sightseeing","What the visit to NZ cost just for yourself",NA,NA,"70 - 74","No other reason","5 - Very satisfied","1 - Exceed the expectations you had before you arrived in New Zealand","10 - Extremely likely to recommend","No tipping."
"GEN24_1058597","Japan","Japan","Female","No","Visiting friends / relatives","To visit friends","What the visit to NZ cost just for yourself",NA,NA,"20 - 24","Holiday / vacation","5 - Very satisfied","1 - Exceed the expectations you had before you arrived in New Zealand","10 - Extremely likely to recommend","ショッピング"
"GEN24_1058752","Japan","Japan","Female","No","Holiday / vacation","For some other reason (please specify)","What the visit cost for you and another person / people",2,0,"35 - 39","No other reason","4 - Satisfied","2 - Meet the expectations you had before you arrived in New Zealand","8","LESMILLSのインストラクター"
"GEN24_1058912","Australia","Australia","Female","No","Holiday / vacation","For some other reason (please specify)","What the visit cost for you and another person / people",2,0,"65 - 69","No other reason","5 - Very satisfied","2 - Meet the expectations you had before you arrived in New Zealand","10 - Extremely likely to recommend","Cycling tour A2O"
"GEN24_1058995","Australia","Australia","Female","Yes","Holiday / vacation","For your honeymoon","What the visit cost for you and another person / people",2,0,"20 - 24","No other reason","3 - Acceptable","3 - Turn out worse than the expectations you had before you arrived in New Zealand","5","Auckland Zoo"
"GEN24_1059174","Australia","Australia","Female","Yes","Holiday / vacation","Just for the holiday","What the visit to NZ cost just for yourself",NA,NA,"35 - 39","No other reason","5 - Very satisfied","1 - Exceed the expectations you had before you arrived in New Zealand","10 - Extremely likely to recommend","Activities including canyon swing, kayaking, quad biking etc"
"GEN24_1059180","South Africa","Africa and Middle East","Female","Yes","Visiting friends / relatives","To care for a family member or friend","What the visit to NZ cost just for yourself",NA,NA,"70 - 74","Holiday / vacation","5 - Very satisfied","1 - Exceed the expectations you had before you arrived in New Zealand","10 - Extremely likely to recommend","Seeing my grandchildren and visiting my son"
"GEN24_1059235","Malaysia","Rest of Asia","Male","Yes","Holiday / vacation","For some other reason (please specify)","What the visit cost for you and another person / people",2,0,"50 - 54","No other reason","2 - Dissatisfied","2 - Meet the expectations you had before you arrived in New Zealand","10 - Extremely likely to recommend","Natural reserve and serenity"
"GEN24_1059393","Australia","Australia","Female","Yes","Holiday / vacation","Just for the holiday","What the visit cost for you and another person / people",2,0,"55 - 59","No other reason","5 - Very satisfied","2 - Meet the expectations you had before you arrived in New Zealand","10 - Extremely likely to recommend","Quality of roads"
"GEN24_1059422","France","Rest of Europe","Male","Yes","Holiday / vacation","To go sightseeing","What the visit to NZ cost just for yourself",NA,NA,"25 - 29","VFR","5 - Very satisfied","2 - Meet the expectations you had before you arrived in New Zealand","7","La sécurité"
"GEN24_1059785","England","UK","Female","Yes","Holiday / vacation","Just for the holiday","What the visit cost for you and another person / people",2,0,"35 - 39","VFR","5 - Very satisfied","1 - Exceed the expectations you had before you arrived in New Zealand","10 - Extremely likely to recommend","Fishing"
"GEN24_1059831","France","Rest of Europe","Female","Yes","Holiday / vacation","To go sightseeing","What the visit to NZ cost just for yourself",NA,NA,"35 - 39","No other reason","5 - Very satisfied","1 - Exceed the expectations you had before you arrived in New Zealand","10 - Extremely likely to recommend","Les toilettes"
"GEN24_1059879","Canada","Canada","Rather not say","Yes","Holiday / vacation","Just for the holiday","What the visit cost for you and another person / people",3,0,"Rather not say","No other reason","2 - Dissatisfied","3 - Turn out worse than the expectations you had before you arrived in New Zealand","4","Penguins"
"GEN24_1060039","Australia","Australia","Female","No","Holiday / vacation","As an incentive trip as a reward for good work or sales","What the visit to NZ cost just for yourself",NA,NA,"25 - 29","No other reason","5 - Very satisfied","1 - Exceed the expectations you had before you arrived in New Zealand","10 - Extremely likely to recommend","LOTR sites"
"GEN24_1060170","Australia","Australia","Male","No","Visiting friends / relatives","To visit family","What the visit to NZ cost just for yourself",NA,NA,"65 - 69","Holiday / vacation","4 - Satisfied","2 - Meet the expectations you had before you arrived in New Zealand","10 - Extremely likely to recommend","Fishing"
"GEN24_1060788","Australia","Australia","Female","No","Conference / convention","Related to your job or business","What the visit to NZ cost just for yourself",NA,NA,"30 - 34","Holiday / vacation","4 - Satisfied","2 - Meet the expectations you had before you arrived in New Zealand","9","The birds! (Specifically came to the North Island twice for the Petrel Station tour)"
"GEN24_1061255","South Africa","Africa and Middle East","Female","Yes","Visiting friends / relatives","To visit family","What the visit cost for you and another person / people",4,0,"50 - 54","Holiday / vacation","5 - Very satisfied","1 - Exceed the expectations you had before you arrived in New Zealand","10 - Extremely likely to recommend","Sky Tower, Skyline Gondola Rotorua, Skyline Luge"
"GEN24_1061380","Thailand","Rest of Asia","Female","Yes","Holiday / vacation","For a working holiday","What the visit to NZ cost just for yourself",NA,NA,"30 - 34","Other","4 - Satisfied","1 - Exceed the expectations you had before you arrived in New Zealand","8","All the lovely cats in New Zealand and people lifestyle"
"GEN24_1061426","United States of America","USA","Female","Yes","Holiday / vacation","To go sightseeing","What the visit cost for you and another person / people",2,0,"25 - 29","No other reason","5 - Very satisfied","1 - Exceed the expectations you had before you arrived in New Zealand","9","Cleanliness of City"
"GEN24_1061775","Singapore","Rest of Asia","Male","Yes","Holiday / vacation","Just for the holiday","What the visit cost for you and another person / people",2,2,"Under 20","No other reason","5 - Very satisfied","1 - Exceed the expectations you had before you arrived in New Zealand","10 - Extremely likely to recommend","The fact that it has very unique biology background compared to rest of the world"
"GEN24_1061821","United States of America","USA","Male","Yes","Visiting friends / relatives","To visit friends","What the visit to NZ cost just for yourself",NA,NA,"45 - 49","Holiday / vacation","5 - Very satisfied","1 - Exceed the expectations you had before you arrived in New Zealand","10 - Extremely likely to recommend","Duck Tour"
"GEN24_1061835","Australia","Australia","Male","Yes","Holiday / vacation","For some other reason (please specify)","What the visit to NZ cost just for yourself",NA,NA,"20 - 24","No other reason","4 - Satisfied","Not sure","7","Animals!!!"
"GEN24_1061907","England","UK","Female","Yes","Holiday / vacation","Just for the holiday","What the visit to NZ cost just for yourself",NA,NA,"30 - 34","No other reason","4 - Satisfied","2 - Meet the expectations you had before you arrived in New Zealand","7","The available activities particularly in Queenstown"
"GEN24_1062045","United States of America","USA","Female","Yes","Holiday / vacation","Just for the holiday","What the visit cost for you and another person / people",3,1,"50 - 54","No other reason","5 - Very satisfied","2 - Meet the expectations you had before you arrived in New Zealand","9","Day trips to islands"
"GEN24_1062202","Australia","Australia","Male","No","Holiday / vacation","To go sightseeing","What the visit cost for you and another person / people",2,0,"65 - 69","No other reason","5 - Very satisfied","1 - Exceed the expectations you had before you arrived in New Zealand","10 - Extremely likely to recommend","Less traffic and great driving roads"
"GEN24_1062451","Australia","Australia","Female","Yes","Holiday / vacation","For some other reason (please specify)","What the visit to NZ cost just for yourself",NA,NA,"30 - 34","No other reason","5 - Very satisfied","1 - Exceed the expectations you had before you arrived in New Zealand","10 - Extremely likely to recommend","The Hunting"
"GEN24_1062570","Singapore","Rest of Asia","Female","Yes","Holiday / vacation","To go sightseeing","What the visit to NZ cost just for yourself",NA,NA,"35 - 39","No other reason","5 - Very satisfied","2 - Meet the expectations you had before you arrived in New Zealand","10 - Extremely likely to recommend","The ease and safety of movement and transportation"
"GEN24_1062734","Australia","Australia","Male","No","Holiday / vacation","Just for the holiday","What the visit to NZ cost just for yourself",NA,NA,"35 - 39","No other reason","4 - Satisfied","2 - Meet the expectations you had before you arrived in New Zealand","5","Fishing"
"GEN24_1063487","United States of America","USA","Female","Yes","Holiday / vacation","For your honeymoon","What the visit cost for you and another person / people",2,0,"20 - 24","Other","5 - Very satisfied","1 - Exceed the expectations you had before you arrived in New Zealand","10 - Extremely likely to recommend","disc golf course in queenstwon"
"GEN24_1063564","Japan","Japan","Male","Yes","Holiday / vacation","To go sightseeing","What the visit to NZ cost just for yourself",NA,NA,"25 - 29","No other reason","4 - Satisfied","2 - Meet the expectations you had before you arrived in New Zealand","5","鉄道の旅"
"GEN24_1063867","United States of America","USA","Male","Yes","Visiting friends / relatives","To visit family","What the visit to NZ cost just for yourself",NA,NA,"70 - 74","Holiday / vacation","5 - Very satisfied","1 - Exceed the expectations you had before you arrived in New Zealand","10 - Extremely likely to recommend","I really enjoyed being in New Zealand"
"GEN24_1064312","Australia","Australia","Female","Yes","Holiday / vacation","Just for the holiday","What the visit cost for you and another person / people",2,0,"25 - 29","No other reason","5 - Very satisfied","2 - Meet the expectations you had before you arrived in New Zealand","9","Bungy"
"GEN24_1064666","Japan","Japan","Female","No","Holiday / vacation","To go sightseeing","What the visit cost for you and another person / people",2,0,"30 - 34","VFR","5 - Very satisfied","1 - Exceed the expectations you had before you arrived in New Zealand","10 - Extremely likely to recommend","ゴルフ練習場"
"GEN24_1064844","Wales","UK","Female","Yes","Visiting friends / relatives","To visit family","What the visit to NZ cost just for yourself",NA,NA,"65 - 69","Holiday / vacation","5 - Very satisfied","1 - Exceed the expectations you had before you arrived in New Zealand","10 - Extremely likely to recommend","The Antarctic Centre"
"GEN24_1065085","China, People's Republic of","China","Male","Yes","Holiday / vacation","Just for the holiday","What the visit cost for you and another person / people",2,2,"30 - 34","No other reason","5 - Very satisfied","1 - Exceed the expectations you had before you arrived in New Zealand","10 - Extremely likely to recommend","友好的playground，我家有2娃，他们很喜欢"
"GEN24_1065904","United States of America","USA","Female","Yes","Holiday / vacation","For some other reason (please specify)","What the visit cost for you and another person / people",2,0,"50 - 54","No other reason","3 - Acceptable","Not sure","8","Hobbiton"
"GEN24_1065999","Australia","Australia","Male","Yes","Holiday / vacation","Just for the holiday","What the visit cost for you and another person / people",4,1,"55 - 59","No other reason","5 - Very satisfied","1 - Exceed the expectations you had before you arrived in New Zealand","10 - Extremely likely to recommend","hunting"
"GEN24_1066443","Sweden","Rest of Europe","Female","No","Holiday / vacation","To go sightseeing","What the visit cost for you and another person / people",2,0,"45 - 49","VFR","5 - Very satisfied","1 - Exceed the expectations you had before you arrived in New Zealand","10 - Extremely likely to recommend","Shopping"
"GEN24_1066461","South Africa","Africa and Middle East","Male","Yes","Visiting friends / relatives","To visit family","What the visit cost for you and another person / people",2,2,"50 - 54","Holiday / vacation","5 - Very satisfied","2 - Meet the expectations you had before you arrived in New Zealand","9","Playing pickleball"
"GEN24_1066805","United States of America","USA","Male","Yes","Holiday / vacation","To go sightseeing","What the visit cost for you and another person / people",2,0,"65 - 69","No other reason","4 - Satisfied","2 - Meet the expectations you had before you arrived in New Zealand","8","Hobbiton"
"GEN24_1067074","Scotland","UK","Female","Yes","Visiting friends / relatives","To visit family","What the visit cost for you and another person / people",2,0,"50 - 54","Holiday / vacation","5 - Very satisfied","2 - Meet the expectations you had before you arrived in New Zealand","7","Wildlife"
"GEN24_1067495","Ireland","Rest of Europe","Female","Yes","Holiday / vacation","To go sightseeing","What the visit cost for you and another person / people",3,0,"30 - 34","No other reason","5 - Very satisfied","2 - Meet the expectations you had before you arrived in New Zealand","8","Hobbiton"
"GEN24_1067744","Australia","Australia","Female","No","Holiday / vacation","Just for the holiday","What the visit to NZ cost just for yourself",NA,NA,"55 - 59","VFR","5 - Very satisfied","1 - Exceed the expectations you had before you arrived in New Zealand","10 - Extremely likely to recommend","roads are excellent"
"GEN24_1067825","Singapore","Rest of Asia","Female","Yes","Holiday / vacation","To go sightseeing","What the visit to NZ cost just for yourself",NA,NA,"50 - 54","No other reason","5 - Very satisfied","2 - Meet the expectations you had before you arrived in New Zealand","10 - Extremely likely to recommend","Fresh air and peacefulness"
"GEN24_1067925","Australia","Australia","Female","No","Holiday / vacation","For some other reason (please specify)","What the visit cost for you and another person / people",3,1,"45 - 49","Other","5 - Very satisfied","2 - Meet the expectations you had before you arrived in New Zealand","9","Zorbing, Luge, Skyway, Jetboating"
"GEN24_1067948","Germany","Germany","Female","Yes","Holiday / vacation","Just for the holiday","What the visit cost for you and another person / people",3,0,"50 - 54","No other reason","5 - Very satisfied","1 - Exceed the expectations you had before you arrived in New Zealand","10 - Extremely likely to recommend","Schwimmen mit Delfinen"
"GEN24_1068136","Taiwan","Rest of Asia","Male","No","Holiday / vacation","Just for the holiday","What the visit cost for you and another person / people",2,0,"60 - 64","VFR","4 - Satisfied","3 - Turn out worse than the expectations you had before you arrived in New Zealand","9","Winery"
"GEN24_1068340","Australia","Australia","Female","No","Visiting friends / relatives","To visit friends","What the visit to NZ cost just for yourself",NA,NA,"65 - 69","Holiday / vacation","4 - Satisfied","2 - Meet the expectations you had before you arrived in New Zealand","10 - Extremely likely to recommend","Dog Show"
"GEN24_1068664","Singapore","Rest of Asia","Male","Yes","Holiday / vacation","To go sightseeing","What the visit to NZ cost just for yourself",NA,NA,"45 - 49","No other reason","5 - Very satisfied","1 - Exceed the expectations you had before you arrived in New Zealand","10 - Extremely likely to recommend","The fishing"
"GEN24_1069207","China, People's Republic of","China","Male","Yes","Holiday / vacation","To go sightseeing","What the visit cost for you and another person / people",2,2,"35 - 39","No other reason","5 - Very satisfied","1 - Exceed the expectations you had before you arrived in New Zealand","10 - Extremely likely to recommend","自驾沿途的风景与不同于自己国家的生活体验"
"GEN24_1069485","France","Rest of Europe","Female","Yes","Education","Some other educational purpose","What the visit to NZ cost just for yourself",NA,NA,"20 - 24","Holiday / vacation","5 - Very satisfied","2 - Meet the expectations you had before you arrived in New Zealand","8","Les oiseaux"
"GEN24_1069781","Australia","Australia","Female","Yes","Holiday / vacation","For some special event or occasion (non-sport-related)","What the visit cost for you and another person / people",2,0,"25 - 29","No other reason","4 - Satisfied","2 - Meet the expectations you had before you arrived in New Zealand","8","The wildlife sanctuaries"
"GEN24_1069994","South Africa","Africa and Middle East","Male","Yes","Visiting friends / relatives","For some other reason","What the visit to NZ cost just for yourself",NA,NA,"60 - 64","Holiday / vacation","4 - Satisfied","1 - Exceed the expectations you had before you arrived in New Zealand","10 - Extremely likely to recommend","Safety and cleanlyness"
"GEN24_1070354","United States of America","USA","Female","Yes","Visiting friends / relatives","To visit friends","What the visit cost for you and another person / people",2,3,"40 - 44","Holiday / vacation","5 - Very satisfied","1 - Exceed the expectations you had before you arrived in New Zealand","10 - Extremely likely to recommend","The wildlife and learning about conservation efforts"
"GEN24_1070487","France","Rest of Europe","Female","Yes","Holiday / vacation","For your honeymoon","What the visit cost for you and another person / people",2,0,"25 - 29","No other reason","5 - Very satisfied","1 - Exceed the expectations you had before you arrived in New Zealand","10 - Extremely likely to recommend","Lord of the Ring experiences"
"GEN24_1070489","Singapore","Rest of Asia","Female","No","Holiday / vacation","Just for the holiday","What the visit cost for you and another person / people",4,0,"30 - 34","No other reason","5 - Very satisfied","1 - Exceed the expectations you had before you arrived in New Zealand","10 - Extremely likely to recommend","Wildlife"
"GEN24_1070617","Australia","Australia","Female","No","Holiday / vacation","For some special event or occasion (non-sport-related)","What the visit cost for you and another person / people",2,0,"55 - 59","Other","4 - Satisfied","3 - Turn out worse than the expectations you had before you arrived in New Zealand","7","Spending time with family"
"GEN24_1070632","Australia","Australia","Male","No","Holiday / vacation","For a working holiday","What the visit to NZ cost just for yourself",NA,NA,"45 - 49","Business","5 - Very satisfied","2 - Meet the expectations you had before you arrived in New Zealand","8","Fishing"
"GEN24_1070828","China, People's Republic of","China","Male","Yes","Holiday / vacation","Just for the holiday","What the visit cost for you and another person / people",1,1,"35 - 39","No other reason","4 - Satisfied","2 - Meet the expectations you had before you arrived in New Zealand","10 - Extremely likely to recommend","Fishing"
"GEN24_1070957","Australia","Australia","Male","Yes","Holiday / vacation","To go sightseeing","What the visit to NZ cost just for yourself",NA,NA,"45 - 49","VFR","5 - Very satisfied","1 - Exceed the expectations you had before you arrived in New Zealand","10 - Extremely likely to recommend","Wildlife tours"
"GEN24_1070970","Singapore","Rest of Asia","Male","Yes","Holiday / vacation","Just for the holiday","What the visit cost for you and another person / people",2,1,"35 - 39","No other reason","5 - Very satisfied","1 - Exceed the expectations you had before you arrived in New Zealand","9","The weather"
"GEN24_1071024","United States of America","USA","Male","Yes","Holiday / vacation","Just for the holiday","What the visit to NZ cost just for yourself",NA,NA,"50 - 54","VFR","5 - Very satisfied","1 - Exceed the expectations you had before you arrived in New Zealand","10 - Extremely likely to recommend","Fly Fishing"
"GEN24_1071288","Taiwan","Rest of Asia","Male","Yes","Holiday / vacation","Just for the holiday","What the visit to NZ cost just for yourself",NA,NA,"25 - 29","No other reason","5 - Very satisfied","2 - Meet the expectations you had before you arrived in New Zealand","10 - Extremely likely to recommend","Golf"
"GEN24_1071474","Malaysia","Rest of Asia","Female","No","Holiday / vacation","For a working holiday","What the visit to NZ cost just for yourself",NA,NA,"30 - 34","Other","4 - Satisfied","2 - Meet the expectations you had before you arrived in New Zealand","8","Public Facilities"
"GEN24_1071521","Australia","Australia","Female","No","Visiting friends / relatives","To visit friends","What the visit to NZ cost just for yourself",NA,NA,"30 - 34","Holiday / vacation","4 - Satisfied","Not sure","10 - Extremely likely to recommend","La météo"
"GEN24_1071536","Germany","Germany","Male","Yes","Holiday / vacation","To go sightseeing","What the visit to NZ cost just for yourself",NA,NA,"40 - 44","No other reason","5 - Very satisfied","1 - Exceed the expectations you had before you arrived in New Zealand","10 - Extremely likely to recommend","attentive and considerate fellow drivers"
"GEN24_1071538","Switzerland","Rest of Europe","Male","Yes","Holiday / vacation","For some other reason (please specify)","What the visit cost for you and another person / people",2,0,"30 - 34","No other reason","5 - Very satisfied","1 - Exceed the expectations you had before you arrived in New Zealand","9","Modern choices in food incl. vegan..."
"GEN24_1071637","Australia","Australia","Male","No","Holiday / vacation","Just for the holiday","What the visit cost for you and another person / people",2,0,"30 - 34","No other reason","5 - Very satisfied","2 - Meet the expectations you had before you arrived in New Zealand","10 - Extremely likely to recommend","Golf"
"GEN24_1071651","Japan","Japan","Female","No","Visiting friends / relatives","To visit friends","What the visit to NZ cost just for yourself",NA,NA,"20 - 24","Holiday / vacation","5 - Very satisfied","1 - Exceed the expectations you had before you arrived in New Zealand","10 - Extremely likely to recommend","アクティビティ"
"GEN24_1071698","Australia","Australia","Male","Yes","Holiday / vacation","For some special event or occasion (non-sport-related)","What the visit to NZ cost just for yourself",NA,NA,"50 - 54","VFR","5 - Very satisfied","2 - Meet the expectations you had before you arrived in New Zealand","10 - Extremely likely to recommend","Omaka airshow"
"GEN24_1072171","Australia","Australia","Female","Yes","Holiday / vacation","For some other reason (please specify)","What the visit cost for you and another person / people",3,1,"40 - 44","No other reason","4 - Satisfied","Not sure","5","Weta Workshop (or something like Theme park)"
"GEN24_1072355","Australia","Australia","Male","Yes","Holiday / vacation","To go sightseeing","What the visit to NZ cost just for yourself",NA,NA,"40 - 44","No other reason","4 - Satisfied","2 - Meet the expectations you had before you arrived in New Zealand","9","Hobbiton"
"GEN24_1072439","Australia","Australia","Male","Yes","Holiday / vacation","For some other reason (please specify)","What the visit cost for you and another person / people",2,0,"60 - 64","No other reason","5 - Very satisfied","1 - Exceed the expectations you had before you arrived in New Zealand","10 - Extremely likely to recommend","Hobbitton"
"GEN24_1072441","Australia","Australia","Female","No","Holiday / vacation","To go sightseeing","What the visit cost for you and another person / people",2,0,"65 - 69","No other reason","4 - Satisfied","2 - Meet the expectations you had before you arrived in New Zealand","7","Hobbiton"
"GEN24_1072670","Scotland","UK","Female","No","Visiting friends / relatives","To visit family","What the visit to NZ cost just for yourself",NA,NA,"60 - 64","Holiday / vacation","5 - Very satisfied","2 - Meet the expectations you had before you arrived in New Zealand","10 - Extremely likely to recommend","coffee culture"
"GEN24_1072804","Austria","Rest of Europe","Male","Yes","Holiday / vacation","Just for the holiday","What the visit to NZ cost just for yourself",NA,NA,"30 - 34","No other reason","5 - Very satisfied","1 - Exceed the expectations you had before you arrived in New Zealand","9","Lord of the rings"
"GEN24_1072894","United States of America","USA","Female","Yes","Holiday / vacation","For a working holiday","What the visit to NZ cost just for yourself",NA,NA,"50 - 54","Conference / convention","1 - Very dissatisfied","1 - Exceed the expectations you had before you arrived in New Zealand","10 - Extremely likely to recommend","Waiheke day trip, Rangitoto day trip, Tea Puia, Hells Gate, Redwoods tree Climb"
"GEN24_1072898","Finland","Rest of Europe","Female","Yes","Holiday / vacation","For your honeymoon","What the visit cost for you and another person / people",2,0,"50 - 54","No other reason","4 - Satisfied","1 - Exceed the expectations you had before you arrived in New Zealand","7","filming locations"
"GEN24_1072926","Australia","Australia","Female","No","Holiday / vacation","For some other reason (please specify)","What the visit cost for you and another person / people",1,1,"35 - 39","No other reason","5 - Very satisfied","1 - Exceed the expectations you had before you arrived in New Zealand","10 - Extremely likely to recommend","Adventure activities"
"GEN24_1072973","Australia","Australia","Male","Yes","Holiday / vacation","For a working holiday","What the visit to NZ cost just for yourself",NA,NA,"25 - 29","Business","5 - Very satisfied","2 - Meet the expectations you had before you arrived in New Zealand","9","Endemic wildlife"
"GEN24_1073068","Australia","Australia","Male","No","Holiday / vacation","For some other reason (please specify)","What the visit to NZ cost just for yourself",NA,NA,"70 - 74","No other reason","5 - Very satisfied","1 - Exceed the expectations you had before you arrived in New Zealand","9","Cycle trails"
"GEN24_1073133","Australia","Australia","Male","No","Holiday / vacation","Just for the holiday","What the visit cost for you and another person / people",2,0,"60 - 64","No other reason","5 - Very satisfied","2 - Meet the expectations you had before you arrived in New Zealand","9","Rail trail"
"GEN24_1073184","Australia","Australia","Female","No","Holiday / vacation","Just for the holiday","What the visit to NZ cost just for yourself",NA,NA,"55 - 59","No other reason","5 - Very satisfied","1 - Exceed the expectations you had before you arrived in New Zealand","10 - Extremely likely to recommend","cycle hire and cycle trails"
"GEN24_1073625","United States of America","USA","Male","Yes","Holiday / vacation","For some other reason (please specify)","What the visit to NZ cost just for yourself",NA,NA,"45 - 49","VFR","5 - Very satisfied","1 - Exceed the expectations you had before you arrived in New Zealand","10 - Extremely likely to recommend","Birds & other wildlife."
"GEN24_1073629","United States of America","USA","Female","Yes","Holiday / vacation","For some special event or occasion (non-sport-related)","What the visit cost for you and another person / people",2,0,"30 - 34","No other reason","5 - Very satisfied","1 - Exceed the expectations you had before you arrived in New Zealand","10 - Extremely likely to recommend","Hobbiton"
"GEN24_1074224","Scotland","UK","Male","Yes","Holiday / vacation","Just for the holiday","What the visit cost for you and another person / people",2,0,"55 - 59","No other reason","5 - Very satisfied","1 - Exceed the expectations you had before you arrived in New Zealand","10 - Extremely likely to recommend","Wildlife"
"GEN24_1074237","Hong Kong (Special Administrative Region)","Rest of Asia","Female","Yes","Holiday / vacation","To go sightseeing","What the visit cost for you and another person / people",5,0,"40 - 44","No other reason","5 - Very satisfied","1 - Exceed the expectations you had before you arrived in New Zealand","10 - Extremely likely to recommend","極限運動"
"GEN24_1074324","Germany","Germany","Female","Yes","Holiday / vacation","As an incentive trip as a reward for good work or sales","What the visit to NZ cost just for yourself",NA,NA,"20 - 24","No other reason","1 - Very dissatisfied","1 - Exceed the expectations you had before you arrived in New Zealand","9","activities"
"GEN24_1074373","Germany","Germany","Male","Yes","Visiting friends / relatives","To visit family","What the visit cost for you and another person / people",2,0,"25 - 29","Holiday / vacation","5 - Very satisfied","2 - Meet the expectations you had before you arrived in New Zealand","9","Freedom Camping"
"GEN24_1075135","United States of America","USA","Female","Yes","Holiday / vacation","Just for the holiday","What the visit cost for you and another person / people",2,0,"45 - 49","VFR","5 - Very satisfied","2 - Meet the expectations you had before you arrived in New Zealand","10 - Extremely likely to recommend","The immaculately clean public bathrooms !"
"GEN24_1075145","Australia","Australia","Male","Yes","Holiday / vacation","Just for the holiday","What the visit to NZ cost just for yourself",NA,NA,"25 - 29","Other","5 - Very satisfied","2 - Meet the expectations you had before you arrived in New Zealand","10 - Extremely likely to recommend","Luge, jetboatinh"
"GEN24_1075408","Taiwan","Rest of Asia","Male","Yes","Holiday / vacation","To go sightseeing","What the visit cost for you and another person / people",4,0,"55 - 59","No other reason","5 - Very satisfied","2 - Meet the expectations you had before you arrived in New Zealand","8","電影拍攝地"
"GEN24_1075451","Australia","Australia","Female","No","Visiting friends / relatives","To visit family","What the visit to NZ cost just for yourself",NA,NA,"40 - 44","Holiday / vacation","5 - Very satisfied","2 - Meet the expectations you had before you arrived in New Zealand","9","Luge, mud pools, hot water beach, cathedral cove, rotorua, bungee, jet boat"
"GEN24_1075610","Australia","Australia","Female","Yes","Holiday / vacation","To go sightseeing","What the visit cost for you and another person / people",2,0,"55 - 59","No other reason","5 - Very satisfied","1 - Exceed the expectations you had before you arrived in New Zealand","10 - Extremely likely to recommend","Our AATKings tour experience which gave us such excellent access to the south islands beauty"
"GEN24_1075622","Hong Kong (Special Administrative Region)","Rest of Asia","Male","Yes","Visiting friends / relatives","To visit friends","What the visit to NZ cost just for yourself",NA,NA,"35 - 39","Holiday / vacation","5 - Very satisfied","2 - Meet the expectations you had before you arrived in New Zealand","9","Easy to get around but the piblic transport is limited., but drivers are very helpful and friendly."
"GEN24_1075855","Australia","Australia","Male","Yes","Holiday / vacation","To go sightseeing","What the visit to NZ cost just for yourself",NA,NA,"30 - 34","No other reason","5 - Very satisfied","2 - Meet the expectations you had before you arrived in New Zealand","10 - Extremely likely to recommend","Skydiving"
"GEN24_1076164","Australia","Australia","Male","No","Visiting friends / relatives","To visit family","What the visit to NZ cost just for yourself",NA,NA,"70 - 74","Holiday / vacation","5 - Very satisfied","2 - Meet the expectations you had before you arrived in New Zealand","10 - Extremely likely to recommend","Mountain Biking"
"GEN24_1076323","Fiji","Rest of Oceania","Male","No","Holiday / vacation","To go sightseeing","What the visit to NZ cost just for yourself",NA,NA,"55 - 59","Education","4 - Satisfied","2 - Meet the expectations you had before you arrived in New Zealand","7","Tours"
"GEN24_1076601","Australia","Australia","Male","No","Holiday / vacation","To go sightseeing","What the visit cost for you and another person / people",2,0,"70 - 74","VFR","5 - Very satisfied","2 - Meet the expectations you had before you arrived in New Zealand","10 - Extremely likely to recommend","Hobbiton"
"GEN24_1076630","United States of America","USA","Female","No","Visiting friends / relatives","To visit friends","What the visit to NZ cost just for yourself",NA,NA,"65 - 69","Holiday / vacation","5 - Very satisfied","1 - Exceed the expectations you had before you arrived in New Zealand","10 - Extremely likely to recommend","World of Wearable Arts Show"
"GEN24_1076665","Australia","Australia","Male","Yes","Holiday / vacation","To go sightseeing","What the visit to NZ cost just for yourself",NA,NA,"35 - 39","No other reason","5 - Very satisfied","1 - Exceed the expectations you had before you arrived in New Zealand","10 - Extremely likely to recommend","Adventure and entertainment activities"
"GEN24_1076859","Australia","Australia","Female","No","Holiday / vacation","For some other reason (please specify)","What the visit to NZ cost just for yourself",NA,NA,"70 - 74","Other","5 - Very satisfied","2 - Meet the expectations you had before you arrived in New Zealand","9","Birds and wildlife"
"GEN24_1076957","Philippines","Rest of Asia","Male","Yes","Visiting friends / relatives","To visit family","What the visit to NZ cost just for yourself",NA,NA,"35 - 39","Holiday / vacation","5 - Very satisfied","1 - Exceed the expectations you had before you arrived in New Zealand","9","Skydiving"
"GEN24_1077162","Australia","Australia","Female","No","Visiting friends / relatives","To visit friends","What the visit to NZ cost just for yourself",NA,NA,"25 - 29","Holiday / vacation","4 - Satisfied","2 - Meet the expectations you had before you arrived in New Zealand","10 - Extremely likely to recommend","The unique wildlife"
"GEN24_1077222","Australia","Australia","Female","No","Visiting friends / relatives","To visit family","What the visit to NZ cost just for yourself",NA,NA,"75 or older","Holiday / vacation","5 - Very satisfied","2 - Meet the expectations you had before you arrived in New Zealand","10 - Extremely likely to recommend","Open Garden tour"
"GEN24_1077251","United States of America","USA","Female","Yes","Holiday / vacation","Just for the holiday","What the visit to NZ cost just for yourself",NA,NA,"65 - 69","No other reason","4 - Satisfied","2 - Meet the expectations you had before you arrived in New Zealand","9","Winery"
"GEN24_1077264","Sweden","Rest of Europe","Male","Yes","Holiday / vacation","Just for the holiday","What the visit to NZ cost just for yourself",NA,NA,"20 - 24","No other reason","4 - Satisfied","1 - Exceed the expectations you had before you arrived in New Zealand","10 - Extremely likely to recommend","Hobbiton movie set"
"GEN24_1077417","United States of America","USA","Male","Yes","Holiday / vacation","To go sightseeing","What the visit to NZ cost just for yourself",NA,NA,"65 - 69","No other reason","5 - Very satisfied","2 - Meet the expectations you had before you arrived in New Zealand","9","Adventure activities like whitewater rafting"
"GEN24_1077429","United States of America","USA","Female","No","Holiday / vacation","To go sightseeing","What the visit to NZ cost just for yourself",NA,NA,"50 - 54","No other reason","5 - Very satisfied","2 - Meet the expectations you had before you arrived in New Zealand","10 - Extremely likely to recommend","Alps-2-Ocean Cycle Trail"
"GEN24_1077600","Australia","Australia","Male","No","Holiday / vacation","For some other reason (please specify)","What the visit to NZ cost just for yourself",NA,NA,"65 - 69","No other reason","5 - Very satisfied","2 - Meet the expectations you had before you arrived in New Zealand","10 - Extremely likely to recommend","mountain bike trail network"
"GEN24_1077941","Japan","Japan","Female","Yes","Holiday / vacation","To go sightseeing","What the visit to NZ cost just for yourself",NA,NA,"65 - 69","No other reason","5 - Very satisfied","1 - Exceed the expectations you had before you arrived in New Zealand","8","ホビット村"
"GEN24_1078006","Australia","Australia","Female","No","Visiting friends / relatives","To visit family","What the visit cost for you and another person / people",3,0,"25 - 29","Holiday / vacation","5 - Very satisfied","2 - Meet the expectations you had before you arrived in New Zealand","8","Shopping at various grocery stores and local clothing outlets"
"GEN24_1078110","Australia","Australia","Male","No","Holiday / vacation","Just for the holiday","What the visit cost for you and another person / people",2,0,"75 or older","No other reason","5 - Very satisfied","2 - Meet the expectations you had before you arrived in New Zealand","8","Cycling on rail trails"
"GEN24_1078204","Scotland","UK","Female","Yes","Holiday / vacation","To go sightseeing","What the visit to NZ cost just for yourself",NA,NA,"30 - 34","No other reason","5 - Very satisfied","1 - Exceed the expectations you had before you arrived in New Zealand","9","The native wildlife especially leaf veined slugs"
"GEN24_1078223","United States of America","USA","Female","Yes","Holiday / vacation","To go sightseeing","What the visit cost for you and another person / people",4,0,"65 - 69","No other reason","5 - Very satisfied","1 - Exceed the expectations you had before you arrived in New Zealand","10 - Extremely likely to recommend","Maori cultural Center Haka and other dancing and singing, and hangi; coffee!!; geothermal pools; stargazing!! WISH we'd seen aurora ..."
"GEN24_1078267","Malaysia","Rest of Asia","Male","No","Visiting friends / relatives","To visit family","What the visit to NZ cost just for yourself",NA,NA,"35 - 39","Holiday / vacation","5 - Very satisfied","1 - Exceed the expectations you had before you arrived in New Zealand","8","Swimming"
"GEN24_1078509","Australia","Australia","Female","No","Holiday / vacation","To go sightseeing","What the visit to NZ cost just for yourself",NA,NA,"65 - 69","No other reason","5 - Very satisfied","1 - Exceed the expectations you had before you arrived in New Zealand","10 - Extremely likely to recommend","Wildlife tours, especially albatross centre"
"GEN24_1078511","England","UK","Male","Yes","Visiting friends / relatives","To visit family","What the visit cost for you and another person / people",2,0,"70 - 74","Holiday / vacation","5 - Very satisfied","2 - Meet the expectations you had before you arrived in New Zealand","10 - Extremely likely to recommend","Musical theatre performed by local amateurs in Blenheim was a highlight"
"GEN24_1078519","England","UK","Male","Yes","Holiday / vacation","To go sightseeing","What the visit to NZ cost just for yourself",NA,NA,"50 - 54","No other reason","5 - Very satisfied","2 - Meet the expectations you had before you arrived in New Zealand","10 - Extremely likely to recommend","Skywalk in Auckland, Rundflug in Rotorua"
"GEN24_1078520","England","UK","Male","Yes","Holiday / vacation","Just for the holiday","What the visit cost for you and another person / people",2,0,"55 - 59","No other reason","5 - Very satisfied","2 - Meet the expectations you had before you arrived in New Zealand","10 - Extremely likely to recommend","SAUBERE Öffentliche Toiletten"
"GEN24_1078824","Canada","Canada","Female","Yes","Holiday / vacation","For some other reason (please specify)","What the visit cost for you and another person / people",2,0,"60 - 64","No other reason","5 - Very satisfied","1 - Exceed the expectations you had before you arrived in New Zealand","10 - Extremely likely to recommend","Golf"
"GEN24_1078835","Singapore","Rest of Asia","Male","Yes","Holiday / vacation","Just for the holiday","What the visit to NZ cost just for yourself",NA,NA,"30 - 34","No other reason","5 - Very satisfied","2 - Meet the expectations you had before you arrived in New Zealand","8","public toilet"
"GEN24_1079254","Romania","Rest of Europe","Male","Yes","Holiday / vacation","Just for the holiday","What the visit to NZ cost just for yourself",NA,NA,"25 - 29","No other reason","5 - Very satisfied","1 - Exceed the expectations you had before you arrived in New Zealand","10 - Extremely likely to recommend","Cleanliness and civilization."
"GEN24_1079664","Italy","Rest of Europe","Female","No","Visiting friends / relatives","To visit family","What the visit to NZ cost just for yourself",NA,NA,"70 - 74","Holiday / vacation","5 - Very satisfied","2 - Meet the expectations you had before you arrived in New Zealand","10 - Extremely likely to recommend","Walking on the beaches at Karitane"
"GEN24_1079773","Malaysia","Rest of Asia","Female","No","Holiday / vacation","To go sightseeing","What the visit cost for you and another person / people",2,0,"55 - 59","VFR","5 - Very satisfied","2 - Meet the expectations you had before you arrived in New Zealand","10 - Extremely likely to recommend","Stargazing, the day cruise"
"GEN24_1079866","Belgium","Rest of Europe","Male","Yes","Holiday / vacation","To go sightseeing","What the visit to NZ cost just for yourself",NA,NA,"60 - 64","No other reason","5 - Very satisfied","2 - Meet the expectations you had before you arrived in New Zealand","10 - Extremely likely to recommend","Waterplane, Jet Boat, Helicopter and other activities"
"GEN24_1080279","Australia","Australia","Male","No","Holiday / vacation","For some other reason (please specify)","What the visit cost for you and another person / people",2,0,"75 or older","VFR","5 - Very satisfied","2 - Meet the expectations you had before you arrived in New Zealand","10 - Extremely likely to recommend","Wildlife conservation"
"GEN24_1080408","Canada","Canada","Male","Yes","Holiday / vacation","For some other reason (please specify)","What the visit cost for you and another person / people",2,0,"50 - 54","No other reason","5 - Very satisfied","1 - Exceed the expectations you had before you arrived in New Zealand","9","Hobbitson"
"GEN24_1080610","Australia","Australia","Male","No","Holiday / vacation","Just for the holiday","What the visit cost for you and another person / people",4,0,"65 - 69","No other reason","5 - Very satisfied","2 - Meet the expectations you had before you arrived in New Zealand","10 - Extremely likely to recommend","The Queenstown Bike Trails"
"GEN24_1080693","Canada","Canada","Female","Yes","Holiday / vacation","For some other reason (please specify)","What the visit cost for you and another person / people",2,0,"65 - 69","No other reason","5 - Very satisfied","1 - Exceed the expectations you had before you arrived in New Zealand","10 - Extremely likely to recommend","Cycling!"
"GEN24_1080774","England","UK","Female","No","Visiting friends / relatives","To visit family","What the visit to NZ cost just for yourself",NA,NA,"55 - 59","Holiday / vacation","5 - Very satisfied","1 - Exceed the expectations you had before you arrived in New Zealand","10 - Extremely likely to recommend","Parks and gardens. Art studios"
"GEN24_1080782","United States of America","USA","Female","No","Visiting friends / relatives","To visit family","What the visit cost for you and another person / people",2,0,"50 - 54","Holiday / vacation","5 - Very satisfied","2 - Meet the expectations you had before you arrived in New Zealand","10 - Extremely likely to recommend","Hobbiton"
"GEN24_1080833","Australia","Australia","Female","Yes","Holiday / vacation","Just for the holiday","What the visit to NZ cost just for yourself",NA,NA,"25 - 29","No other reason","5 - Very satisfied","2 - Meet the expectations you had before you arrived in New Zealand","10 - Extremely likely to recommend","Activities such as the Franz Josef Glacier Hike, Queenstown Horse Trek and Kaikoura quad biking"
"GEN24_1081045","Wales","UK","Female","Yes","Holiday / vacation","Just for the holiday","What the visit cost for you and another person / people",2,0,"60 - 64","No other reason","5 - Very satisfied","1 - Exceed the expectations you had before you arrived in New Zealand","10 - Extremely likely to recommend","Canopy Zipline, scenic Rafting,"
"GEN24_1081081","United States of America","USA","Female","Yes","Holiday / vacation","For some other reason (please specify)","What the visit cost for you and another person / people",2,0,"50 - 54","No other reason","5 - Very satisfied","1 - Exceed the expectations you had before you arrived in New Zealand","10 - Extremely likely to recommend","The produce and dairy"
"GEN24_1081303","Finland","Rest of Europe","Female","Yes","Holiday / vacation","For some other reason (please specify)","What the visit cost for you and another person / people",2,0,"30 - 34","No other reason","5 - Very satisfied","2 - Meet the expectations you had before you arrived in New Zealand","10 - Extremely likely to recommend","Nature and birds"
"GEN24_1081325","Czech Republic","Rest of Europe","Female","Yes","Education","An exchange program","What the visit to NZ cost just for yourself",NA,NA,"Under 20","Holiday / vacation","5 - Very satisfied","1 - Exceed the expectations you had before you arrived in New Zealand","10 - Extremely likely to recommend","Experiencing different way of life and education"
"GEN24_1081379","England","UK","Female","No","Holiday / vacation","Just for the holiday","What the visit to NZ cost just for yourself",NA,NA,"55 - 59","VFR","5 - Very satisfied","2 - Meet the expectations you had before you arrived in New Zealand","10 - Extremely likely to recommend","Wildlife"
"GEN24_1081891","Korea, Republic of","Korea, Republic of","Male","Yes","Holiday / vacation","Just for the holiday","What the visit cost for you and another person / people",2,0,"55 - 59","No other reason","5 - Very satisfied","1 - Exceed the expectations you had before you arrived in New Zealand","10 - Extremely likely to recommend","golfing"
"GEN24_1081942","England","UK","Male","Yes","Holiday / vacation","Just for the holiday","What the visit to NZ cost just for yourself",NA,NA,"65 - 69","No other reason","4 - Satisfied","1 - Exceed the expectations you had before you arrived in New Zealand","8","boat trips and glaicer trip"
"GEN24_1082224","Australia","Australia","Male","Yes","Holiday / vacation","For some other reason (please specify)","What the visit cost for you and another person / people",3,0,"65 - 69","No other reason","5 - Very satisfied","2 - Meet the expectations you had before you arrived in New Zealand","10 - Extremely likely to recommend","Movie set tours"
"GEN24_1082335","Korea, Republic of","Korea, Republic of","Male","Yes","Holiday / vacation","For your honeymoon","What the visit cost for you and another person / people",2,0,"35 - 39","No other reason","5 - Very satisfied","1 - Exceed the expectations you had before you arrived in New Zealand","10 - Extremely likely to recommend","돌고래 수영"
"GEN24_1082462","United States of America","USA","Female","Yes","Holiday / vacation","Just for the holiday","What the visit cost for you and another person / people",2,0,"30 - 34","VFR","5 - Very satisfied","1 - Exceed the expectations you had before you arrived in New Zealand","8","coffee"
"GEN24_1082562","Australia","Australia","Female","No","Holiday / vacation","To go sightseeing","What the visit to NZ cost just for yourself",NA,NA,"60 - 64","No other reason","4 - Satisfied","2 - Meet the expectations you had before you arrived in New Zealand","6","Safe"
"GEN24_1082808","United States of America","USA","Male","Yes","Holiday / vacation","Just for the holiday","What the visit cost for you and another person / people",2,0,"65 - 69","No other reason","5 - Very satisfied","2 - Meet the expectations you had before you arrived in New Zealand","8","Birds and Wildlife"
"GEN24_1083108","Germany","Germany","Male","Yes","Holiday / vacation","Just for the holiday","What the visit cost for you and another person / people",2,0,"60 - 64","VFR","5 - Very satisfied","2 - Meet the expectations you had before you arrived in New Zealand","10 - Extremely likely to recommend","Motorrad fahren"
"GEN24_1083182","Australia","Australia","Female","No","Holiday / vacation","Just for the holiday","What the visit to NZ cost just for yourself",NA,NA,"75 or older","No other reason","5 - Very satisfied","2 - Meet the expectations you had before you arrived in New Zealand","9","cruising"
"GEN24_1083216","Switzerland","Rest of Europe","Female","Yes","Holiday / vacation","Just for the holiday","What the visit to NZ cost just for yourself",NA,NA,"55 - 59","No other reason","5 - Very satisfied","1 - Exceed the expectations you had before you arrived in New Zealand","10 - Extremely likely to recommend","Nature and wildlife"
"GEN24_1083332","Australia","Australia","Female","No","Other","To watch a sporting event","What the visit to NZ cost just for yourself",NA,NA,"70 - 74","Holiday / vacation","4 - Satisfied","Not sure","7","Seeing family who live in Australia"
"GEN24_1083358","United States of America","USA","Female","Yes","Holiday / vacation","For some other reason (please specify)","What the visit to NZ cost just for yourself",NA,NA,"70 - 74","Other","5 - Very satisfied","1 - Exceed the expectations you had before you arrived in New Zealand","10 - Extremely likely to recommend","Ironman 70.3"
"GEN24_1083545","United States of America","USA","Female","Yes","Holiday / vacation","To go sightseeing","What the visit cost for you and another person / people",2,0,"70 - 74","No other reason","5 - Very satisfied","1 - Exceed the expectations you had before you arrived in New Zealand","10 - Extremely likely to recommend","Getting to know the people with us on our tour and having someone knowledgeable doing the driving"
"GEN24_1084050","Italy","Rest of Europe","Female","Yes","Other","To take part (participate) in a sporting event","What the visit cost for you and another person / people",2,0,"55 - 59","Holiday / vacation","5 - Very satisfied","1 - Exceed the expectations you had before you arrived in New Zealand","10 - Extremely likely to recommend","Respect for the environment and cleanliness"
"GEN24_1084122","Hong Kong (Special Administrative Region)","Rest of Asia","Female","Yes","Holiday / vacation","For some special event or occasion (non-sport-related)","What the visit cost for you and another person / people",2,0,"30 - 34","No other reason","4 - Satisfied","2 - Meet the expectations you had before you arrived in New Zealand","8","Skydive"
"GEN24_1084140","England","UK","Male","Yes","Visiting friends / relatives","To visit family","What the visit to NZ cost just for yourself",NA,NA,"75 or older","Holiday / vacation","5 - Very satisfied","1 - Exceed the expectations you had before you arrived in New Zealand","10 - Extremely likely to recommend","Beaches"
"GEN24_1084148","Australia","Australia","Male","No","Visiting friends / relatives","For a wedding, funeral, other family occasion","What the visit to NZ cost just for yourself",NA,NA,"30 - 34","Holiday / vacation","4 - Satisfied","2 - Meet the expectations you had before you arrived in New Zealand","9","Adult entertainment"
"GEN24_1084187","Germany","Germany","Female","Yes","Other","To take part (participate) in a sporting event","What the visit cost for you and another person / people",3,0,"60 - 64","Holiday / vacation","5 - Very satisfied","1 - Exceed the expectations you had before you arrived in New Zealand","10 - Extremely likely to recommend","Den Strand und das Surfen"
"GEN24_1084600","Australia","Australia","Female","No","Visiting friends / relatives","To visit family","What the visit to NZ cost just for yourself",NA,NA,"50 - 54","Holiday / vacation","5 - Very satisfied","2 - Meet the expectations you had before you arrived in New Zealand","10 - Extremely likely to recommend","Hobbiton"
"GEN24_1084602","Australia","Australia","Female","No","Holiday / vacation","Just for the holiday","What the visit to NZ cost just for yourself",NA,NA,"70 - 74","No other reason","5 - Very satisfied","1 - Exceed the expectations you had before you arrived in New Zealand","10 - Extremely likely to recommend","Expedition cruise to Sub Antartic Islands"
"GEN24_25451","Australia","Australia","Female","Yes","Holiday / vacation","Just for the holiday","What the visit to NZ cost just for yourself",NA,NA,"25 - 29","No other reason","5 - Very satisfied","1 - Exceed the expectations you had before you arrived in New Zealand","10 - Extremely likely to recommend","Seals and Whales"
"GEN24_26906","Australia","Australia","Female","No","Holiday / vacation","Just for the holiday","What the visit cost for you and another person / people",2,0,"25 - 29","No other reason","5 - Very satisfied","1 - Exceed the expectations you had before you arrived in New Zealand","10 - Extremely likely to recommend","National parks"
"GEN24_27087","United States of America","USA","Female","Yes","Holiday / vacation","For a working holiday","What the visit cost for you and another person / people",2,2,"40 - 44","Business","5 - Very satisfied","1 - Exceed the expectations you had before you arrived in New Zealand","10 - Extremely likely to recommend","Hobbiton and the glow worm caves"
"GEN24_27136","Australia","Australia","Female","Yes","Holiday / vacation","Just for the holiday","What the visit cost for you and another person / people",2,0,"20 - 24","No other reason","5 - Very satisfied","1 - Exceed the expectations you had before you arrived in New Zealand","10 - Extremely likely to recommend","Hobbiton"
"GEN24_27480","Hong Kong (Special Administrative Region)","Rest of Asia","Male","Yes","Visiting friends / relatives","To visit family","What the visit cost for you and another person / people",5,0,"25 - 29","Holiday / vacation","5 - Very satisfied","1 - Exceed the expectations you had before you arrived in New Zealand","10 - Extremely likely to recommend","Luge race"
"GEN24_27611","Singapore","Rest of Asia","Female","Yes","Holiday / vacation","To go sightseeing","What the visit cost for you and another person / people",2,0,"50 - 54","No other reason","4 - Satisfied","2 - Meet the expectations you had before you arrived in New Zealand","6","Heli ride in Franz Josef"
"GEN24_27632","France","Rest of Europe","Male","Yes","Holiday / vacation","Just for the holiday","What the visit cost for you and another person / people",2,0,"20 - 24","VFR","5 - Very satisfied","1 - Exceed the expectations you had before you arrived in New Zealand","10 - Extremely likely to recommend","Surfing"
"GEN24_27800","Netherlands","Rest of Europe","Male","Yes","Holiday / vacation","To go sightseeing","What the visit to NZ cost just for yourself",NA,NA,"25 - 29","No other reason","5 - Very satisfied","2 - Meet the expectations you had before you arrived in New Zealand","9","Hobbiton"
"GEN24_28036","Singapore","Rest of Asia","Male","Yes","Holiday / vacation","Just for the holiday","What the visit cost for you and another person / people",5,0,"25 - 29","No other reason","5 - Very satisfied","1 - Exceed the expectations you had before you arrived in New Zealand","10 - Extremely likely to recommend","Activities, skydiving"
"GEN24_28421","China, People's Republic of","China","Male","Yes","Holiday / vacation","Just for the holiday","What the visit cost for you and another person / people",2,2,"Under 20","No other reason","5 - Very satisfied","1 - Exceed the expectations you had before you arrived in New Zealand","9","Beach"
"GEN24_28754","England","UK","Male","No","Visiting friends / relatives","For a wedding, funeral, other family occasion","What the visit to NZ cost just for yourself",NA,NA,"25 - 29","Holiday / vacation","5 - Very satisfied","1 - Exceed the expectations you had before you arrived in New Zealand","10 - Extremely likely to recommend","Roads are beautiful for cycling."
"GEN24_28850","Australia","Australia","Male","No","Visiting friends / relatives","For a wedding, funeral, other family occasion","What the visit cost for you and another person / people",2,0,"65 - 69","Holiday / vacation","5 - Very satisfied","2 - Meet the expectations you had before you arrived in New Zealand","10 - Extremely likely to recommend","Hunting and fishing"
"GEN24_29038","Canada","Canada","Female","Yes","Holiday / vacation","To go sightseeing","What the visit to NZ cost just for yourself",NA,NA,"35 - 39","No other reason","5 - Very satisfied","1 - Exceed the expectations you had before you arrived in New Zealand","9","Adventure activities and Lord of the Rings locations"
"GEN24_29040","Australia","Australia","Male","No","Holiday / vacation","For a working holiday","What the visit cost for you and another person / people",2,0,"50 - 54","Other","5 - Very satisfied","1 - Exceed the expectations you had before you arrived in New Zealand","10 - Extremely likely to recommend","Extreme sports"
"GEN24_30837","Belgium","Rest of Europe","Female","No","Visiting friends / relatives","To visit friends","What the visit to NZ cost just for yourself",NA,NA,"60 - 64","Holiday / vacation","5 - Very satisfied","1 - Exceed the expectations you had before you arrived in New Zealand","10 - Extremely likely to recommend","The overall cleanliness of public toilets"
